Statistic,Value (μs)
count,11861028.0
mean,603770.2181400197
std,1659570.299262817
min,0.001
10%,2766.7943999999998
25%,4644.285
50%,25954.248
75%,229283.823
90%,1494431.6716000012
95%,4441948.4877
99%,8796643.10686
max,9999965.943
